<?xml version="1.0" encoding="UTF-8"?>
<project-private xmlns="http://www.netbeans.org/ns/project-private/1">
    <editor-bookmarks xmlns="http://www.netbeans.org/ns/editor-bookmarks/2" lastBookmarkId="0"/>
    <open-files xmlns="http://www.netbeans.org/ns/projectui-open-files/2">
        <group>
            <file>file:/C:/Users/Paula/OneDrive/Documentos/NetBeansProjects/Jhon123/src/modelo/DAO.java</file>
            <file>file:/C:/Users/Paula/OneDrive/Documentos/NetBeansProjects/Jhon123/src/visual/Login.java</file>
            <file>file:/C:/Users/Paula/OneDrive/Documentos/NetBeansProjects/Jhon123/src/jhonscarwash/JhonsCarWash.java</file>
            <file>file:/C:/Users/Paula/OneDrive/Documentos/NetBeansProjects/Jhon123/src/visual/MenuAdmin.java</file>
            <file>file:/C:/Users/Paula/OneDrive/Documentos/NetBeansProjects/Jhon123/src/visual/Prueba.java</file>
            <file>file:/C:/Users/Paula/OneDrive/Documentos/NetBeansProjects/Jhon123/src/visual/Factura.java</file>
            <file>file:/C:/Users/Paula/OneDrive/Documentos/NetBeansProjects/Jhon123/src/control/Controlador.java</file>
            <file>file:/C:/Users/Paula/OneDrive/Documentos/NetBeansProjects/Jhon123/src/visual/MenuEmpleado.java</file>
            <file>file:/C:/Users/Paula/OneDrive/Documentos/NetBeansProjects/Jhon123/src/modelo/autolavado.java</file>
        </group>
    </open-files>
</project-private>
